     abs(τq_K_D),        abs(ωq_K_D)
13.2030558279152, 0.0540490126473443
13.0604642415655, 0.0689071238429764
12.9136070274144, 0.0837109890966976
12.7623180360857, 0.0984525446613376
12.6064310925713, 0.1131237216010660
12.4457799476077, 0.1277164541498090
12.2801983645322, 0.1422228091232340
12.1095200078937, 0.1566372934518020
11.9335784847079, 0.1709534763631870
11.7522074032127, 0.1851620822596810
11.5652402984829, 0.1992537352441410
11.3725106050113, 0.2132190572188070
11.1738517294144, 0.2270486732556250
10.9690970226881, 0.2407332047117120
10.7580797830113, 0.2542632745997450
10.5406332409020, 0.2676295077695530
10.3166243409985, 0.2808225249120410
10.0860405942643, 0.2938329510183950
 9.8489584008074, 0.3066514091012640
 9.6054445010843, 0.3192685208004220
 9.3555620239445, 0.3316749112483650
 9.0993739913802, 0.3438612022867920
 8.8369434087530, 0.3558180164841840
 8.5683332304255, 0.3675359781250820
 8.2936063986633, 0.3790057099798810
 8.0128257480117, 0.3902178348795260
 7.7260541439785, 0.4011630675557100
 7.4333543851166, 0.4118331839800250
 7.1347892363923, 0.4222220178169130
 6.8304214331709, 0.4323242648052630
 6.5203136538026, 0.4421346305362400
 6.2045285710157, 0.4516478193492730
 5.8831288181989, 0.4608585360683360
 5.5561770112227, 0.4697614842051300
 5.2237356968246, 0.4783513696939950
 4.8858678809510, 0.4866228961072270
 4.5426586040092, 0.4945707695204830
 4.1942738841046, 0.5021896941722840
 3.8409825100486, 0.5094743724033470
 3.4830954707259, 0.5164195110161560
 3.1209267193074, 0.5230198147539300
 2.7547902323862, 0.5292699867044080
 2.3850000491355, 0.5351647333470540
 2.0118702495810, 0.5406987579916600
 1.6357149788222, 0.5458667655025730
 1.2568484454127, 0.5506634612488890
 0.8755848924960, 0.5550829425444760
 0.4922387060071, 0.5591164321998410
 0.1071242630094, 0.5627548910921670
 0.2794439449815, 0.5659895015528240
 0.6671513129245, 0.5688114493251370
 1.0556832366870, 0.5712119161348130
 1.4447248899346, 0.5731820867763080
 1.8339614850486, 0.5747131447317470
 2.2230780338262, 0.5757962737659580
 2.6117614580007, 0.5764226564525620
 2.9997355756021, 0.5765834785550880
 3.3868134952320, 0.5762699216579040
 3.7728261794413, 0.5754731696267710
 4.1575718143561, 0.5741844066100730
 4.5408473150765, 0.5723948179877360
 4.9224494539610, 0.5700955848999870
 5.3021749870220, 0.5672778913336960
 5.6798204856938, 0.5639329211344160
 6.0551824834258, 0.5600518592581140
 6.4280574298364, 0.5556258919730210
 6.7982415901693, 0.5506490530781360
 7.1655312520377, 0.5451242718498260
 7.5297224971480, 0.5390592590289340
 7.8906113355895, 0.5324623047833850
 8.2479936936502, 0.5253417043283560
 8.6016653456146, 0.5177057494267160
 8.9514219577775, 0.5095627343245630
 9.2970591248591, 0.5009209511481650
 9.6383722872719, 0.4917886939821060
 9.9751560890432, 0.4821742553362490
10.3072030146627, 0.4720859280434660
10.6343271406029, 0.4615320061681610
10.9563728806774, 0.4505207822000020
11.2731948899885, 0.4390605501832150
11.5846478289906, 0.4271596019613850
11.8905862300725, 0.4148262312759190
12.1908645427973, 0.4020687309395060
12.4853370962817, 0.3888953953799480
12.7738581481335, 0.3753145153910260
13.0562818263092, 0.3613344228311280
13.3324621746118, 0.3469652767728390
13.6022531163189, 0.3322219560553190
13.8655084185063, 0.3171227783668990
14.1220818590480, 0.3016863390565460
14.3718269990174, 0.2859312339577880
14.6145973367590, 0.2698760585609300
14.8502462745314, 0.2535394082351220
15.0786270714880, 0.2369398784908590
15.2995928808627, 0.2200960653837510
15.5129890709072, 0.2030265642021870
15.7186062415397, 0.1857499688819300
15.9161520718498, 0.1682848781435110
16.1053199224024, 0.1506498853372050
16.2858055695598, 0.1328635856100910
16.4573047144399, 0.1149445766530880
16.6195127560983, 0.0969114509886934
16.7721249753346, 0.0787828070144492
16.9148364256682, 0.0605772384641779
17.0473419791071, 0.0423133424433372
17.1693362866368, 0.0240095496184325
17.2805138676757, 0.0056813061422292
17.3805689703315, 0.0126610302721755
17.4691956831518, 0.0310095489714975
17.5460878771526, 0.0493564297899974
17.6109392837746, 0.0676938530666465
17.6634433406987, 0.0860139967984894
17.7032933357383, 0.1043090421118810
17.7301823488844, 0.1225711661761080
17.7438033234565, 0.1407925493503400
17.7438767007785, 0.1589653713476860
17.7302666686135, 0.1770818089336630
17.7030474641600, 0.1951340450516420
17.6623656228184, 0.2131142560633560
17.6083746234870, 0.2310146226106000
17.5412280626851, 0.2488273239017710
17.4610795004841, 0.2665445389029830
17.3680826273877, 0.2841584461967890
17.2623911192958, 0.3016612262028920
17.1441587473226, 0.3190450576047780
17.0135393284910, 0.3363020619103920
16.8706866992371, 0.3534240974022540
16.7157548429367, 0.3704037885996460
16.5488977315834, 0.3872342633360360
16.3702694434382, 0.4039086569956130
16.1800240955723, 0.4204201039127190
15.9783159088943, 0.4367617373516810
15.7652991585865, 0.4529266916468670
15.5411282202195, 0.4689081009307230
15.3059578821479, 0.4846990995779830
15.0599640981251, 0.5002928221854720
14.8033965234476, 0.5156824026029770
14.5365958012528, 0.5308609752860120
14.2599464961851, 0.5458216724288710
13.9738367334946, 0.5605576316971030
13.6786548761299, 0.5750619836900760
13.3747895232288, 0.5893278645389890
13.0626294979981, 0.6033484081138330
12.7425638702826, 0.6171167486883890
12.4149819636357, 0.6306260193856730
12.0802733346237, 0.6438687087715870
11.7388277337087, 0.6568333268679500
11.3910352615815, 0.6695043118182870
11.0372861956173, 0.6818651774083320
10.6779710331038, 0.6938994344156430
10.3134806076465, 0.7055905996947060
 9.9442058838560, 0.7169221847095130
 9.5705382048535, 0.7278777039726120
 9.1928690829313, 0.7384406704016030
 8.8115901142935, 0.7485945976611000
 8.4270914466276, 0.7583229984264380
 8.0396980811149, 0.7676093875937580
 7.6496446809524, 0.7764372780200910
 7.2571356759984, 0.7847901835113710
 6.8623745124873, 0.7926516160363160
 6.4655647925380, 0.8000050913793900
 6.0669102075734, 0.8068341217515730
 5.6666146166393, 0.8131222208174910
 5.2648820032306, 0.8188529018783140
 4.8619164464001, 0.8240096826162980
 4.4579221655241, 0.8285783987449710
 4.0531035517015, 0.8325540867345850
 3.6476650217942, 0.8359404763188160
 3.2418112171987, 0.8387425668630610
 2.8357468339333, 0.8409653564405980
 2.4296767192564, 0.8426138444168060
 2.0238058355839, 0.8436930268056830
 1.6183392876286, 0.8442079040426340
 1.2134822640081, 0.8441634732116710
 0.8094384725551, 0.8435647329109910
 0.4063983635703, 0.8424166824252330
 0.0045521485217, 0.8407243173847930
 0.3959175081010, 0.8384926392950900
 0.7948338979502, 0.8357266448767390
 1.1920203332839, 0.8324313325664500
 1.5872999609948, 0.8286117004172720
 1.9804958477355, 0.8242727472293350
 2.3714309307773, 0.8194194710355200
 2.7599280912231, 0.8140568702119540
 3.1458100697300, 0.8081899746297430
 3.5288995376058, 0.8018255336249520
 3.9090190524898, 0.7949746098937470
 4.2859910591485, 0.7876511241209510
 4.6596379287879, 0.7798692074425450
 5.0297819808524, 0.7716429916203540
 5.3962453316752, 0.7629866084767750
 5.7588501054321, 0.7539141903793400
 6.1174183210636, 0.7444398688072020
 6.4717718853394, 0.7345777757846700
 6.8217359999833, 0.7243420439013490
 7.1671334690344, 0.7137468057468000
 7.5077015453238, 0.7028061911043400
 7.8431151466215, 0.6915343337345150
 8.1730378991979, 0.6799453669537290
 8.4971332180300, 0.6680534200001790
 8.8150644652663, 0.6558726269170570
 9.1264947874253, 0.6434171171040910
 9.4310872196811, 0.6307010248669380
 9.7285046635877, 0.6177384824923280
10.0184098586810, 0.6045436051062950
10.3004654303005, 0.5911305338788020
10.5743338819035, 0.5775109627180890
10.8396776003387, 0.5636941456800870
11.0961588158219, 0.5496892551356960
11.3434396334308, 0.5355054613964590
11.5811820896887, 0.5211519376408090
11.8090480715600, 0.5066378515557310
12.0266993680686, 0.4919723773493150
12.2337976977533, 0.4771646851110250
12.4300214418135, 0.4622239455764310
12.6151459773083, 0.4471593300665590
12.7891412743209, 0.4319800108311190
12.9520957179894, 0.4166951580807460
13.1041131450255, 0.4013139438027120
13.2452974677019, 0.3858455385508690
13.3757526973293, 0.3702991138077420
13.4955828891617, 0.3546838402483280
13.6048922638729, 0.3390088899002490
13.7037850861246, 0.3232834335798270
13.7923656981088, 0.3075165074016960
13.8707385788040, 0.2917159780271150
13.9390082225004, 0.2758894108556030
13.9972793036603, 0.2600444975291390
14.0456565091815, 0.2441889292455070
14.0842446358207, 0.2283303941943440
14.1131485581380, 0.2124765844819640
14.1324732653873, 0.1966351891661140
14.1423238060112, 0.1808139005550020
14.1428059400154, 0.1650204069795780
14.1340569880656, 0.1492624003442580
14.1163002856695, 0.1335475703124770
14.0898458908824, 0.1178836071331420
14.0550412605916, 0.1022782030538940
14.0122365433175, 0.0867390463047300
13.9617820605116, 0.0712738271547632
13.9040282770794, 0.0558902380535158
13.8393258627495, 0.0405959688662931
13.7680255745147, 0.0253987085903083
13.6904783801384, 0.0103061487261862
13.6070353571007, 0.0046743004595551
13.5180477578329, 0.0195356801285698
13.4238669321394, 0.0342679246232415
13.3248444021904, 0.0488598854437730
13.2213318610610, 0.0633004153218767
13.1136810457439, 0.0775783648088504
13.0022439167643, 0.0916825860913292
12.8873724525638, 0.1056019307502500
12.7694189016939, 0.1193252497406940
12.6487347363014, 0.1328413959558960
12.5256630974006, 0.1461392193011220
12.4005460933080, 0.1592075721648700
12.2737010693107, 0.1720353053205250
12.1454162160048, 0.1846112723881380
12.0159788131639, 0.1969243232931410
11.8856762062276, 0.2089633094145850
11.7547959310559, 0.2207170823536250
11.6236254527521, 0.2321744943776120
11.4924524750286, 0.2433243974107270
11.3615647156230, 0.2541556468698320
11.2312499803577, 0.2646584800145140
11.1017961732856, 0.2748288372010820
10.9734912731096, 0.2846695361409410
10.8466233549503, 0.2941844837876730
10.7214805351045, 0.3033775873169290
10.5983510313415, 0.3122527539043430
10.4775231098856, 0.3208138900997040
10.3592850988155, 0.3290649019884460
10.2439254259182, 0.3370096974528280
10.1317255168928, 0.3446521839915160
10.0229096813807, 0.3519962666401160
 9.9176479565969, 0.3590458537452450
 9.8160986037903, 0.3658048513115800
 9.7184213151427, 0.3722771671406190
 9.6247758375967, 0.3784667076610040
 9.5353218628549, 0.3843773795436860
 9.4502191947672, 0.3900130891768960
 9.3696275766011, 0.3953777446448070
 9.2937068267760, 0.4004752526990950
 9.2226167252273, 0.4053095715332380
 9.1565171049574, 0.4098872246077150
 9.0955677799045, 0.4142200924385800
 9.0399285931973, 0.4183228710729330
 8.9897594265578, 0.4222104699565850
 8.9452200659107, 0.4258977966376010
 8.9064703811734, 0.4293997590274320
 8.8736702702068, 0.4327312637454300
 8.8469795542841, 0.4359072209238730
 8.8265580866646, 0.4389425361726390
 8.8125704322377, 0.4418521195432450
 8.8051922433650, 0.4446508774127780
 8.8045843161983, 0.4473537186213790
 8.8109419289309, 0.4499755511209030
 8.8244736057617, 0.4525312815710850
 8.8453877882004, 0.4550358198618880
 8.8738929730207, 0.4575040724915610
 8.9101976421304, 0.4599509487040370
 8.9545102487930, 0.4623913531805060
 9.0070392631489, 0.4648401975068630
 9.0679931111978, 0.4673123210727520
 9.1375802765951, 0.4698218857217660
 9.2160091456654, 0.4723829540075270
 9.3034881468406, 0.4750100026023870
 9.4002256310801, 0.4777175385027170
 9.5064299936720, 0.4805200672916860
 9.6223095735727, 0.4834320941082590
 9.7480727057323, 0.4864681291790710
 9.8839276664331, 0.4896426748570180
10.0300825694190, 0.4929702392690740
10.1867097983573, 0.4964653286444180
10.3538658665829, 0.5001424488488580
10.5314845135629, 0.5040161064750000
10.7194092637949, 0.5081008067425590
10.9174703132900, 0.5124110584649500
11.1254977754828, 0.5169613658928360
11.3433217287935, 0.5217662370724280
11.5707721885105, 0.5268401773446050
11.8076791389351, 0.5321976923732700
12.0538724524981, 0.5378532893163140
12.3091819914112, 0.5438208954200150
12.5734376136007, 0.5501098706725230
12.8464690550092, 0.5567262830682750
13.1281060633274, 0.5636755336347340
13.4181783243995, 0.5709630129414020
13.7165155123874, 0.5785941147072900
14.0229472509345, 0.5865742294615160
14.3373031680895, 0.5949087514883930
14.6594128091564, 0.6036030717611920
14.9891055240728, 0.6126625829087230
15.3261994971327, 0.6220926772367270
15.6704365976548, 0.6318987468491120
16.0214471525670, 0.6420861836478620
16.3788235487341, 0.6526603806251490
16.7421555795818, 0.6636267313384880
17.1110330395004, 0.6749906250248950
17.4850457356199, 0.6867574554437550
17.8637835079149, 0.6989326162736890
18.2468361286526, 0.7115214973977800
18.6337934906448, 0.7245294922523870
19.0242454153899, 0.7379623791184210
19.4177818267343, 0.7518271340958830
19.8139926190089, 0.7661299849961050
20.2124677523861, 0.7808768912769680
20.6127972353144, 0.7960738178473850
21.0145710778895, 0.8117267241248410
21.4173793612290, 0.8278415721110210
21.8208121829431, 0.8444243246151940
22.2244597782275, 0.8614809420642910
22.6279132492355, 0.8790173863767310
23.0307811917215, 0.8970396186633610
23.4327018035709, 0.9155536028413010
23.8333187374441, 0.9345652985072240
24.2322705236182, 0.9540806684653520
24.6291953857102, 0.9741056734908640
25.0237316044043, 0.9946462759488680
25.4155175188275, 1.0157084368013100
25.8041914339653, 1.0372981188221300
26.1893918131302, 1.0594212826552800
26.5707570963071, 1.0820838774268700
26.9479257786616, 1.1052889242837800
27.3205364087314, 1.1290313306828600
27.6882275488181, 1.1533016646517700
28.0506378516001, 1.1780899735767000
28.4074059140995, 1.2033863049296100
28.7581704516120, 1.2291807046632500
29.1025701476877, 1.2554632207038600
29.4402437551972, 1.2822238998067200
29.7708300442416, 1.3094527901403100
30.0939695893920, 1.3371399366782200
30.4093299910950, 1.3652753871447900
30.7166946304094, 1.3938491901930700
31.0159125071316, 1.4228513912710600
31.3068408873484, 1.4522720377195400
31.5893371540645, 1.4821011766218200
31.8632586266864, 1.5123288554953300
32.1284626580131, 1.5429451204896400
32.3848065207633, 1.5739400201064000
32.6321474975845, 1.6053035997835200
32.8703428493785, 1.6370258893628400
33.0992497814742, 1.6690960558446400
33.3187255063989, 1.7014995942110400
33.5286271767333, 1.7342182346471200
33.7288118944776, 1.7672334117493600
33.9191367264386, 1.8005265611843000
34.0994587738264, 1.8340791169276200
34.2696350047264, 1.8678725140856000
34.4295223513861, 1.9018881884862800
34.5789777910156, 1.9361075728485500
34.7178620907984, 1.9705121038383000
34.8460439982638, 2.0050832149063100
34.9633640985282, 2.0398023421027000
35.0696677296121, 2.0746509190700100
35.1648034955691, 2.1096103812022400
35.2486198196135, 2.1446621635299200
35.3209651894951, 2.1797877011442200
35.3816879720009, 2.2149684280359500
35.4306364781715, 2.2501857785391400
35.4676590012223, 2.2854211897638600
35.4926037615528, 2.3206561727677400
35.5053189042079, 2.3558735960374900
35.5056524939929, 2.3910580473329700
35.4934526042607, 2.4261944371014200
35.4685672001909, 2.4612676650444400
35.4308442088225, 2.4962626321405900
35.3801314948907, 2.5311642387375000
35.3162768737108, 2.5659573856976500
35.2391280785706, 2.6006269723642700
35.1485328143800, 2.6351578994837400
35.0443348556478, 2.6695350680295800
34.9264405251361, 2.7037433781071600
34.7949369841662, 2.7377677304628700
34.6499760088810, 2.7715930244903900
34.4917157078441, 2.8052041625916400
34.3203141735566, 2.8385860433678800
34.1359295242054, 2.8717235679491200
33.9387198526815, 2.9046016362691100
33.7288432830756, 2.9372051491246800
33.5064579184182, 2.9695190072016700
33.2717219505117, 3.0015282592224400
33.0247935329720, 3.0332195825082500
32.7658308501198, 3.0645845268673300
32.4949921674545, 3.0956167085730300
32.2124357522314, 3.1263097562039200
31.9183199318326, 3.1566572985959700
31.6128030698927, 3.1866529638684700
31.2960436021830, 3.2162903812510900
30.9681999932998, 3.2455631789438400
30.6294309624953, 3.2744649846370000
30.2799032293798, 3.3029894280901900
29.9198149685478, 3.3311301365646700
29.5494241287793, 3.3588807402894400
29.1690356580757, 3.3862348671314300
28.7789582079345, 3.4131861448263200
28.3795004926765, 3.4397282018769700
27.9709713398531, 3.4658546685477400
27.5536796468366, 3.4915591720897800
27.1279343919029, 3.5168353402690500
26.6940446822266, 3.5416768043997500
26.2523196641263, 3.5660775142386900
25.8030686109956, 3.5900324703952500
25.3466008541879, 3.6135355916057100
24.8832258483987, 3.6365804495608100
24.4132531037012, 3.6591606198730200
23.9369922289164, 3.6812696730621400
23.4547529077347, 3.7029011838674600
22.9668449199843, 3.7240487241866700
22.4735781321983, 3.7447058667452100
21.9752625921088, 3.7648661850912200
21.4722087840585, 3.7845232529974500
20.9646963382147, 3.8036706420209100
20.4529709345653, 3.8223019247027900
19.9372740022973, 3.8404106747653900
19.4178471460861, 3.8579904650401200
18.8949320206538, 3.8750348679445500
18.3687703415913, 3.8915374570722500
17.8396038741798, 3.9074918051789400
17.3076744496641, 3.9228914846417800
16.7732239132039, 3.9377300677875200
16.2364941661462, 3.9520007968965100
15.6977271455326, 3.9656990800395600
15.1571648161082, 3.9788269585917100
14.6150491868906, 3.9913874262729600
14.0716222588804, 4.0033834769496300
13.5271260833723, 4.0148181038268900
12.9818027176347, 4.0256943008215500
12.4358942204722, 4.0360150614214200
11.8896426559325, 4.0457833797401700
11.3432912651167, 4.0550022484075400
10.7970888276475, 4.0636746624810700
10.2512555691213, 4.0718036146308700
 9.7059468896569, 4.0793920985062700
 9.1612930059663, 4.0864431083471200
 8.6174239787988, 4.0929596371970600
 8.0744698753296, 4.0989446791243200
 7.5325607362632, 4.1044012276116600
 6.9918265926072, 4.1093322763184800
 6.4523974695935, 4.1137408189143100
 5.9144033721049, 4.1176298618533600
 5.3779742621838, 4.1210030470013500
 4.8432400986339, 4.1238657185382500
 4.3103307842010, 4.1262244342056500
 3.7793762100410, 4.1280858368976300
 3.2505062298437, 4.1294565710729700
 2.7238506657747, 4.1303432804434400
 2.1995392514499, 4.1307526092204800
 1.6777017307796, 4.1306912012723200
 1.1584677731708, 4.1301657005530200
 0.6419669264646, 4.1291827511680100
 0.1283201269643, 4.1277489970511700
 0.3823825255067, 4.1258710820303200
 0.8900427369175, 4.1235556499888700
 1.3945580567313, 4.1208093453199500
 1.8958261200424, 4.1176388116041100
 2.3937445550767, 4.1140506931385800
 2.8882111176354, 4.1100516335947900
 3.3791235639029, 4.1056482767450400
 3.8663797398308, 4.1008472673408600
 4.3498775543286, 4.0956552615405900
 4.8295149953996, 4.0900790205515000
 5.3051900762745, 4.0841241443898000
 5.7768009064358, 4.0777951755467100
 6.2442456755777, 4.0710966254474100
 6.7074226353972, 4.0640330041593900
 7.1662301012049, 4.0566088223608800
 7.6205664981026, 4.0488285905938000
 8.0703303075236, 4.0406968197533800
 8.5154200517460, 4.0322180206894600
 8.9557260301535, 4.0233967031616500
 9.3911108227754, 4.0142373784386700
 9.8214512117252, 4.0047445568706600
10.2467033808527, 3.9949227490651800
10.6668351864042, 3.9847764656095800
11.0818145429060, 3.9743102175252800
11.4916094363437, 3.9635285145870500
11.8961879417456, 3.9524358684219700
12.2955182011429, 3.9410367888047900
12.6895684440340, 3.9293357864238200
13.0783069617196, 3.9173374685318200
13.4617021586884, 3.9050470490133800
13.8397224789526, 3.8924690512507500
14.2123364673956, 3.8796075594627700
14.5795127571994, 3.8664666564349200
14.9412200369322, 3.8530504248012200
15.2974271017474, 3.8393629485534200
15.6481028133475, 3.8254083096643700
15.9932161176509, 3.8111905915302400
16.3327360771345, 3.7967138774260700
16.6666341335902, 3.7819822500868300
16.9949000206967, 3.7669997927219600
17.3175553438714, 3.7517705879503300
17.6346373498375, 3.7362987192085300
17.9461843467721, 3.7205882693274000
18.2522347146741, 3.7046433209258400
18.5528268599481, 3.6884679580360000
18.8479992312504, 3.6720662627165100
19.1377903180281, 3.6554423186259900
19.4222386514626, 3.6386002078786400
19.7013827829996, 3.6215440104536000
19.9752613180933, 3.6042774261188800
20.2439128834304, 3.5868026942743100
20.5073761389099, 3.5691216547875600
20.7656897919394, 3.5512361462998400
21.0188925603668, 3.5331480086889600
21.2670232113931, 3.5148590818276100
21.5101205223380, 3.4963712040440900
21.7482233004663, 3.4776862156603400
21.9813705455800, 3.4588059555244900
22.2096037340731, 3.4397322633477800
22.4329695259883, 3.4204669779631900
22.6515021178685, 3.4010119394807000
22.8652229639217, 3.3813689868039500
23.0741531812423, 3.3615399593110600
23.2783138826856, 3.3415266964356400
23.4777262134078, 3.3213310381564300
23.6724113375896, 3.3009548229682500
23.8623904478787, 3.2803998903753900
24.0476847587833, 3.2596680827893800
24.2283154737145, 3.2387619261740500
24.4043038512423, 3.2176858994097900
24.5756711396405, 3.1964454726414300
24.7424386158396, 3.1750462186652600
24.9046275563205, 3.1534937079861000
25.0622592685871, 3.1317935126330600
25.2153550448737, 3.1099512043425100
25.3639362209395, 3.0879723545580700
25.5080241034454, 3.0658625351473100
25.6476403736311, 3.0436273178365100
25.7828117644500, 3.0212722742611100
25.9135827621285, 2.9988029756830000
26.0399938582081, 2.9762249942827200
26.1620802787542, 2.9535439015038800
26.2798771979731, 2.9307652687295300
26.3934197859758, 2.9078946682209600
26.5027432221065, 2.8849376711391300
26.6078826245205, 2.8618998492406000
26.7088731364011, 2.8387867741810000
26.8057498712474, 2.8156040146884700
26.8985479202824, 2.7923569628669200
26.9873023678208, 2.7690501503407400
27.0720482538321, 2.7456871960357500
27.1528206385346, 2.7222716469440100
27.2296545277741, 2.6988070511377300
27.3025849050625, 2.6752969557603700
27.3716467682677, 2.6517449083491200
27.4368750486059, 2.6281544567137100
27.4983046832438, 2.6045291481187700
27.5559714905796, 2.5808725295563300
27.6099154291732, 2.5571881495024200
27.6601723654553, 2.5334795547168800
27.7067602051064, 2.5097502929287100
27.7496920285986, 2.4860039119072500
27.7889808784729, 2.4622439586647800
27.8246398005132, 2.4384739810917600
27.8566818044417, 2.4146975261701700
27.8851198659032, 2.3909181417905000
27.9099669646374, 2.3671393757321900
27.9312360320944, 2.3433647630252700
27.9489399967064, 2.3195976476604500
27.9630917366608, 2.2958410548123200
27.9737041379332, 2.2720978822622600
27.9807900277048, 2.2483710254194500
27.9843622161392, 2.2246633785725500
27.9844334968019, 2.2009778369692600
27.9810166375709, 2.1773172956855800
27.9741243469379, 2.1536846498783500
27.9637693181818, 2.1300827943914400
27.9499636975179, 2.1065146238062600
27.9327346537687, 2.0829830340165300
27.9121520512669, 2.0594909192604500
27.8883004214946, 2.0360411749976600
27.8612654858145, 2.0126366957591100
27.8311328574933, 1.9892803771760500
27.7979881203803, 1.9659751137390500
27.7619167962458, 1.9427238008169000
27.7230043535215, 1.9195293328194100
27.6813361972839, 1.8963946053677400
27.6369976954572, 1.8733224845464000
27.5900741443616, 1.8503155157461900
27.5406508039771, 1.8273753860992400
27.4888128706361, 1.8045034248455700
27.4346455072855, 1.7817009572782300
27.3782338097285, 1.7589693105678300
27.3196628427279, 1.7363098110168900
27.2590176165542, 1.7137237843828100
27.1963831029094, 1.6912125582500900
27.1318441843703, 1.6687774582650900
27.0654838739769, 1.6464198110432400
26.9973783916704, 1.6241409430586400
26.9275904551183, 1.6019421803210600
26.8561715374891, 1.5798248503342700
26.7831722435102, 1.5577902780884400
26.7086431337517, 1.5358397907441400
26.6326347491831, 1.5139747153104900
26.5551975964836, 1.4921963771612600
26.4763821706304, 1.4705061032955100
26.3962389235863, 1.4489052198340300
26.3148182762130, 1.4273949761487700
26.2321706570418, 1.4059762737838100
26.1483464403300, 1.3846499720174100
26.0633959875236, 1.3634169589174400
25.9773696435433, 1.3422781219561900
25.8903177166442, 1.3212343488785300
25.8022905112484, 1.3002865266923900
25.7133383002466, 1.2794355436170900
25.6235113400528, 1.2586822873167200
25.5328598312781, 1.2380276452131000
25.4414329975522, 1.2174725053034600
25.3492751553825, 1.1970177546765100
25.2564251283209, 1.1766642816323000
25.1629201871866, 1.1564129729667900
25.0687975491357, 1.1362647169497500
24.9740943948079, 1.1162204014875500
24.8788479159260, 1.0962809136083600
24.7830952840081, 1.0764471406531900
24.6868736636202, 1.0567199709928100
24.5902202060785, 1.0371002927960300
24.4931720389637, 1.0175890401214800
24.3957663103754, 0.9981865817634000
24.2980401162806, 0.9788916924657010
24.2000305894757, 0.9597029146361920
24.1017748109077, 0.9406187894006850
24.0033098893195, 0.9216378596817850
23.9046729118674, 0.9027586675642800
23.8059009483940, 0.8839797552742830
23.7070310644656, 0.8652996645432420
23.6080996069458, 0.8467169382433270
23.5091360559203, 0.8282301177325160
23.4101603235975, 0.8098377458627440
23.3111807553842, 0.7915383638506780
23.2122014214922, 0.7733305149419660
23.1132263139515, 0.7552127403229870
23.0142594714589, 0.7371835827043660
22.9153048951380, 0.7192415843525820
22.8163665983348, 0.7013852871505260
22.7174486033250, 0.6836132330719520
22.6185549085004, 0.6659239677851770
22.5196895335087, 0.6483161862165510
22.4208564743540, 0.6307889685912080
22.3220597257440, 0.6133416555534660
22.2233033193246, 0.5959736089764400
22.1245912221289, 0.5786841886638960
22.0259274503777, 0.5614727567615080
21.9273160125109, 0.5443386737695530
21.8287608982003, 0.5272813011473020
21.7302661017272, 0.5102999993748370
21.6318355391263, 0.4933941298003710
21.5334709342896, 0.4765630539841090
21.4351655080282, 0.4598061322950850
21.3369107924825, 0.4431227259200360
21.2386986737148, 0.4265121961667700
21.1405210118788, 0.4099739038989820
21.0423696680456, 0.3935072104850760
20.9442364977320, 0.3771114767584390
20.8461133799027, 0.3607860635928610
20.7479921724847, 0.3445303325384510
20.6498647247386, 0.3283436481332810
20.5517229076381, 0.3122254420744930
20.4535585572853, 0.2961753616989490
20.3553635419795, 0.2801931913568210
20.2571296965670, 0.2642787162562980
20.1588488777046, 0.2484317225544810
20.0605129369932, 0.2326519972261190
19.9621137112861, 0.2169393262163100
19.8636430293896, 0.2012934959647960
19.7650927252801, 0.1857142925983810
19.6664478161846, 0.1702015021025500
19.5676773237815, 0.1547549112905380
19.4687422978275, 0.1393743057339510
19.3695848643042, 0.1240594728920900
19.2701443708690, 0.1088101976198380
19.1703601406028, 0.0936262674471351
19.0701715036872, 0.0785074680162579
18.9695177874494, 0.0634535849997640
18.8683382904508, 0.0484644057963600
18.7665723092633, 0.0335397166641001
18.6641591479033, 0.0186793645292374
18.5610380669479, 0.0038837391019138
18.4571483567935, 0.0108462940810288
18.3524292416231, 0.0255097636111217
18.2468200008329, 0.0401056994830313
18.1402598372246, 0.0546331293293226
18.0326879854296, 0.0690910829932285
17.9240436558000, 0.0834785882385378
17.8142660302155, 0.0977946745753811
17.7032943636276, 0.1120383705952890
17.5910721279872, 0.1262087050008350
17.4775524915019, 0.1403047074434760
17.3626964154415, 0.1543254058888710
17.2464681765629, 0.1682698287872420
17.1288323017229, 0.1821370062947660
17.0097532826145, 0.1959259658118140
16.8891956246162, 0.2096357367677660
16.7671237979143, 0.2232653481882260
16.6435022830459, 0.2368138292602920
16.5182955316745, 0.2502802080001030
16.3914679859633, 0.2636635068415210
16.2629840841100, 0.2769626425385910
16.1328082444347, 0.2901761721462730
16.0009048684749, 0.3033025547419060
15.8672383700612, 0.3163402502911030
15.7317731102097, 0.3292877173462620
15.5944734755243, 0.3421434144194000
15.4553038187952, 0.3549058004464900
15.3142284730949, 0.3675733352619490
15.1712117932155, 0.3801444776705180
15.0262185766267, 0.3926176861539410
14.8792155671168, 0.4049914205970720
14.7301725697233, 0.4172641390576870
14.5790610271675, 0.4294343012389530
14.4258523750922, 0.4415003657336450
14.2705180434296, 0.4534607916594320
14.1130294887618, 0.4653140382551550
13.9533581138243, 0.4770585645981170
13.7914753313257, 0.4886928289681560
13.6273525403552, 0.5002152892312310
13.4609611151312, 0.5116238348292980
13.2922724509953, 0.5229149744316280
13.1212578874501, 0.5340851161254190
12.9478888067605, 0.5451306832809880
12.7721365233614, 0.5560481003286140
12.5939723982056, 0.5668337915370470
12.4133677378117, 0.5774841806198390
12.2302938429493, 0.5879956925826340
12.0447220321036, 0.5983647506342730
11.8566259740856, 0.6085877790939600
11.6660012266036, 0.6186612025837670
11.4728666065750, 0.6285814444942200
11.2772497884406, 0.6383449301136130
11.0791797835102, 0.6479480818129390
10.8786855712252, 0.6573873255164330
10.6757961858358, 0.6666590838777360
10.4705406339190, 0.6757597817510780
10.2629479892830, 0.6846858435263360
10.0530472742585, 0.6934336927757400
 9.8408675890502, 0.7019997602689540
 9.6264379997860, 0.7103808259863900
 9.4097875962528, 0.7185743294055330
 9.1909455075368, 0.7265779741074980
 8.9699408704365, 0.7343894805817980
 8.7468028101187, 0.7420065698731270
 8.5215605138899, 0.7494269631271240
 8.2942431459030, 0.7566483812370830
 8.0648799062988, 0.7636685447934360
 7.8334999941276, 0.7704851752749490
 7.6001319822704, 0.7770959937364290
 7.3648014480203, 0.7834987205866120
 7.1275347536562, 0.7896910767187840
 6.8883627062696, 0.7956707835914940
 6.6473172884913, 0.8014355615024790
 6.4044305194851, 0.8069831326976740
 6.1597344483026, 0.8123112165460840
 5.9132611478573, 0.8174175351119660
 5.6650426992674, 0.8222998092583000
 5.4151112022567, 0.8269557592727120
 5.1634987809095, 0.8313831076535110
 4.9102375984289, 0.8355796118665220
 4.6553598122496, 0.8395431245186890
 4.3988976386623, 0.8432715378481580
 4.1408832698160, 0.8467627444363000
 3.8813489629220, 0.8500146363496250
 3.6203269717693, 0.8530251051499620
 3.3578495808044, 0.8557920447107590
 3.0939490952698, 0.8583133463818500
 2.8286578678705, 0.8605869027546670
 2.5620125427303, 0.8626106065115340
 2.2940744315333, 0.8643823493151870
 2.0249407825004, 0.8659000246555080
 1.7547127712470, 0.8671615235188970
 1.4834914748053, 0.8681647394457190
 1.2113780061725, 0.8689075638362530
 0.9384735367544, 0.8693878901500750
 0.6648792986644, 0.8696036100903260
 0.3906965700428, 0.8695526157134540
 0.1160267151110, 0.8692327996815470
 0.1590288787183, 0.8686422522474440
 0.4343687525687, 0.8677808245972820
 0.7098913798679, 0.8666497543025000
 0.9854952148967, 0.8652505363354040
 1.2610786116445, 0.8635846700897060
 1.5365399135311, 0.8616536527585260
 1.8117773676411, 0.8594589827160240
 2.0866892130082, 0.8570021572057850
 2.3611736060820, 0.8542846758738890
 2.6351287545368, 0.8513080347222990
 2.9084581214634, 0.8480737341239000
 3.1810813044939, 0.8445832705348840
 3.4529327699724, 0.8408381420871750
 3.7239506673436, 0.8368398472054120
 3.9940733134407, 0.8325898841325130
 4.2632389878027, 0.8280897505158730
 4.5313859746866, 0.8233409450223880
 4.7984524889186, 0.8183449650268660
 5.0643767436593, 0.8131033090448030
 5.3290969136555, 0.8076174742188320
 5.5925511712786, 0.8018889029589660
 5.8546776161188, 0.7959187815966850
 6.1154143574495, 0.7897082541673220
 6.3746994834102, 0.7832584726607310
 6.6324710371753, 0.7765705871084120
 6.8886670707815, 0.7696457497626650
 7.1432255725558, 0.7624851122095520
 7.3960845451673, 0.7550898262370100
 7.6471819619560, 0.7474610429667740
 7.8964557361062, 0.7395999141867740
 8.1438438115287, 0.7315075908774270
 8.3892852415293, 0.7231852251093000
 8.6327207444629, 0.7146339680646870
 8.8740915236788, 0.7058549721170340
 9.1133387627855, 0.6968493874391430
 9.3504036505425, 0.6876183666063470
 9.5852273208816, 0.6781630605586760
 9.8177509611623, 0.6684846210032910
10.0479156763659, 0.6585841993244000
10.2756626071995, 0.6484629481174840
10.5009328734023, 0.6381223736910550
10.7236675723833, 0.6275654487078480
10.9438078153152, 0.6167967186823590
11.1612946757125, 0.6058209459196040
11.3760692524041, 0.5946428949857780
11.5880725936360, 0.5832673297000710
11.7972458102464, 0.5716990137807430
12.0035299319225, 0.5599427106431910
12.2068660321125, 0.5480031840864440
12.4071971353689, 0.5358851985151550
12.6044889748833, 0.5235935166987110
12.7987591955516, 0.5111329029812260
12.9900531194847, 0.4985081214847150
13.1784192977756, 0.4857239352611860
13.3639063629603, 0.4727851082307850
13.5465629405013, 0.4596964042934820
13.7264376976063, 0.4464625876520430
13.9035793253612, 0.4330884210354640
14.0780365470978, 0.4195786692522080
14.2498580735547, 0.4059380878439340
14.4190927173109, 0.3921710001643220
14.5857892172082, 0.3782807446621780
14.7499963924980, 0.3642700936234530
14.9117630793997, 0.3501417764726690
15.0711381219555, 0.3358985231390830
15.2281703921940, 0.3215430647228840
15.3829087832996, 0.3070781296593380
15.5354022073357, 0.2925064494928040
15.6856995977306, 0.2778307533247700
15.8338481105344, 0.2630537720939410
15.9798853837606, 0.2481782343365070
16.1238403757066, 0.2332068718391100
16.2657406815130, 0.2181424140262610
16.4056139863753, 0.2029875906455030
16.5434879328683, 0.1877451320702460
16.6793902514658, 0.1724177680278240
16.8133486590566, 0.1570082288108940
16.9453908821746, 0.1415192445102070
17.0755446592939, 0.1259535447319890
17.2038377440254, 0.1103138618887330
17.3302978918651, 0.0946029264749758
17.4549528844571, 0.0788234104166812
17.5778305075428, 0.0629779414055277
17.6989585597860, 0.0470691453565105
17.8183648443297, 0.0310996489114677
17.9360771833550, 0.0150720766125480
18.0521233982246, 0.0010109440908511
18.1665313285762, 0.0171467888786609
18.2793288207380, 0.0333328301399632
18.3905400028122, 0.0495664428884496
18.5001881606944, 0.0658450011687404
18.6083240873653, 0.0821658790052194
18.7150194039266, 0.0985264504425160
18.8203483742746, 0.1149240896261580
18.9243853092363, 0.1313561708228480
19.0272045245469, 0.1478200668254590
19.1288803453216, 0.1643131540205290
19.2294871065772, 0.1808328042924290
19.3290991564574, 0.1973763931595810
19.4277908631843, 0.2139414570474690
19.5256365758439, 0.2305272066835780
19.6227107140804, 0.2471353422926430
19.7190876601768, 0.2637684430923270
19.8148418065965, 0.2804290953058640
19.9100475700227, 0.2971198852574580
20.0047793785574, 0.3138433987665850
20.0991116724516, 0.3306022218142320
20.1931188577041, 0.3473989414312100
20.2868753024655, 0.3642361428918820
20.3804466092251, 0.3811164121368690
20.4738738473433, 0.3980423371660530
20.5671768700358, 0.4150165019818850
20.6603679928992, 0.4320414936757620
20.7534590337991, 0.4491198986526390
20.8464617966792, 0.4662543023887580
20.9393881149080, 0.4834472915313640
21.0322497934837, 0.5007014517787790
21.1250586522000, 0.5180193700406870
21.2178265042195, 0.5354036322375070
21.3105651796820, 0.5528566773937990
21.4032864715480, 0.5703802135676820
21.4960022326674, 0.5879754936742980
21.5887242662620, 0.6056437010571530
21.6814643929674, 0.6233860174648080
21.7742344276094, 0.6412036220212650
21.8670461906360, 0.6590976977671990
21.9599115028126, 0.6770694262694650
22.0528421785562, 0.6951199886507780
22.1458499466122, 0.7132505667000920
22.2389459825771, 0.7314623417823830
22.3321415824803, 0.7497564952828230
22.4254471330620, 0.7681342087076990
22.5188724116835, 0.7865966638661580
22.6124272042672, 0.8051450415376970
22.7061212896916, 0.8237805242178870
22.7999644205428, 0.8425042926862080
22.8939663830620, 0.8613175284691660
22.9881369330733, 0.8802214130124730
23.0824858611490, 0.8992171278224630
23.1770229207174, 0.9183055457545170
23.2717578773262, 0.9374871073347090
23.3667004974686, 0.9567630328929880
23.4618605560187, 0.9761346830734980
23.5572478012410, 0.9956034185204030
23.6528719959362, 1.0151706003220000
23.7487429322407, 1.0348375895868200
23.8448703063650, 1.0546057472214500
23.9412639431841, 1.0744764342334700
24.0379293977735, 1.0944510113073900
24.1348270201191, 1.1145308392287100
24.2318546282343, 1.1347172779349500
24.3288697007534, 1.1550116906948700
24.4257189756797, 1.1754154370825700
24.5222490954009, 1.1959298777825900
24.6183066864688, 1.2165563738227000
24.7137383857396, 1.2372962864325300
24.8083908197843, 1.2581509768416900
24.9021105907271, 1.2791218042609500
24.9947443448872, 1.3002101220259900
25.0861386910059, 1.3214165697273900
25.1761402259515, 1.3427402061292800
25.2645955877351, 1.3641793404755900
25.3513513900721, 1.3857322279236700
25.4362542283149, 1.4073971253872900
25.5191507476465, 1.4291722880642000
25.5998875450368, 1.4510559723230500
25.6783112629651, 1.4730464348354000
25.7542684953907, 1.4951419302942200
25.8276085779453, 1.5173407152902700
25.8981994386832, 1.5396410458894100
25.9659315667113, 1.5620411775316200
26.0307034235013, 1.5845393672518400
26.0924143029371, 1.6071338703891100
26.1509635388698, 1.6298229433726700
26.2062504917100, 1.6526048415213800
26.2581745082179, 1.6754778212644900
26.3066349165789, 1.6984401385265400
26.3515311225622, 1.7214900488888200
26.3927624839020, 1.7446258014317700
26.4302283990390, 1.7678455967012200
26.4638282756921, 1.7911476448126200
26.4934615317596, 1.8145301374286200
26.5190275932271, 1.8379912602358800
26.5404259324254, 1.8615292014245000
26.5575559701188, 1.8851421479328700
26.5703172265197, 1.9088282867397400
26.5786091812390, 1.9325858047027400
26.5823313638380, 1.9564128894265000
26.5814011101819, 1.9803077281118800
26.5757993857207, 2.0042685076568400
26.5655334086293, 2.0282934150603600
26.5506024569117, 2.0523806374829000
26.5310041581041, 2.0765283628722900
26.5067361167366, 2.1007347772382300
26.4777959666506, 2.1249980679834400
26.4441813577236, 2.1493164235605000
26.4058899547557, 2.1736880283033800
26.3629194196354, 2.1981110726835600
26.3152674751033, 2.2225833992134500
26.2629318283229, 2.2470992905226400
26.2059102381900, 2.2716495852836800
26.1442003903831, 2.2962243061259100
26.0778000887659, 2.3208134703486600
26.0067071218346, 2.3454070948475400
25.9309192942285, 2.3699951957105800
25.8504344147324, 2.3945677897526200
25.7652503290244, 2.4191148934250900
25.6753651643383, 2.4436265225131700
25.5807880090909, 2.4680926948613700
25.4815581650289, 2.4925034261135200
25.3777488834992, 2.5168487331046800
25.2694438990148, 2.5411186321045600
25.1567275929332, 2.5653031405134900
25.0396843298485, 2.5893922734907900
24.9183985126898, 2.6133760492443600
24.7929545350585, 2.6372444830344600
24.6634367820168, 2.6609875926853800
24.5299297003461, 2.6845953929728800
24.3925176840750, 2.7080581231956200
24.2512851605666, 2.7313674033038300
24.1063165554781, 2.7545159618916000
23.9576962971249, 2.7774967230642000
23.8055088068418, 2.8003026093521900
23.6498385359122, 2.8229265443157500
23.4907699229475, 2.8453614503441100
23.3283874112997, 2.8676002518857500
23.1627754336273, 2.8896358695734700
22.9940176581900, 2.9114612290872700
22.8221733776296, 2.9330692519280800
22.6472746061252, 2.9544528615147500
22.4693514989478, 2.9756049810238600
22.2884344114132, 2.9965185334907100
22.1045537604401, 3.0171864417486500
21.9177399380941, 3.0376016301856300
21.7280233724048, 3.0577570194142000
21.5354344861102, 3.0776455350942600
21.3400037333007, 3.0972600989083800
21.1417615332157, 3.1165936350628100
20.9407383514255, 3.1356405336940600
20.7369646419750, 3.1544001100485500
20.5304708735765, 3.1728733864213900
20.3212875301033, 3.1910615055961600
20.1094450672736, 3.2089656133243000
19.8949739925699, 3.2265868522279000
19.6779048003406, 3.2439263664836300
19.4582679617051, 3.2609853003085100
19.2360940271492, 3.2777647975965800
19.0114161390551, 3.2942660007882300
18.7843050428464, 3.3104900555945000
18.5549346892370, 3.3264381051825800
18.3235451805001, 3.3421112946982400
18.0903867569585, 3.3575107652089900
17.8557096639169, 3.3726376622845600
17.6197640615408, 3.3874931298795300
17.3828000772521, 3.4020783121301600
17.1450677467472, 3.4163943521633100
16.9068170295797, 3.4304423945796100
16.6682978166410, 3.4442236035631000
16.4297599204372, 3.4577400394110800
16.1914530527431, 3.4709955249087800
15.9536268574931, 3.4839950796914200
15.7165309178266, 3.4967438357062000
15.4804146709856, 3.5092469234265000
15.2455275415753, 3.5215094730833900
15.0121187846902, 3.5335366156953800
14.7804376453443, 3.5453334820992600
14.5507332086898, 3.5569052022232700
14.3232478273735, 3.5682569085193400
14.0981815659144, 3.5793937305927200
13.8756898213570, 3.5903207997848900
13.6559092032166, 3.6010432463269800
13.4389738766978, 3.6115662018835200
13.2250179802230, 3.6218947955348300
13.0141755751949, 3.6320341596722500
12.8065806844350, 3.6419894242644500
12.6023672407347, 3.6517657206125400
12.4016691708947, 3.6613681785034600
12.2046202781373, 3.6708018641487000
12.0113543581261, 3.6800698255567300
11.8220051323884, 3.6891728040509700
11.6367062670873, 3.6981113901826800
11.4555913683454, 3.7068861715959000
11.2787940000653, 3.7154977342589500
11.1064476481194, 3.7239466638979000
10.9386858057396, 3.7322335472078900
10.7756418243469, 3.7403589698342500
10.6174490569556, 3.7483235191585300
10.4642198473318, 3.7561277798367700
10.3159628320386, 3.7637723392505600
10.1725568405296, 3.7712577829442600
10.0338488750245, 3.7785846971688400
 9.8996845216225, 3.7857536690232400
 9.7699093639417, 3.7927652835067100
 9.6443690862118, 3.7996201274355200
 9.5229093891840, 3.8063187874240700
 9.4053760212997, 3.8128618487542700
 9.2916147641397, 3.8192498986663500
 9.1814715089463, 3.8254837442396300
 9.0747920786231, 3.8315669435802900
 8.9714224469980, 3.8375079585645100
 8.8712085482227, 3.8433172416730000
 8.7739964579218, 3.8490052715313300
 8.6796322077678, 3.8545825272900300
 8.5879618982179, 3.8600594862624000
 8.4988316699443, 3.8654466280027100
 8.4120877400887, 3.8707544312375100
 8.3275760142675, 3.8759933741886000
 8.2451262145937, 3.8811739350979800
 8.1645249453815, 3.8863065943073200
 8.0855229227651, 3.8914018283021600
 8.0078559537090, 3.8964701160109300
 7.9312585548376, 3.9015219376945300
 7.8554653345373, 3.9065677698587000
 7.7802109584644, 3.9116180929056800
 7.7052301587887, 3.9166833836642100
 7.6302577332337, 3.9217741225971100
 7.5550285446822, 3.9269007870782400
 7.4792774872643, 3.9320733022087100
 7.4027395583772, 3.9372983305518900
 7.3251497850994, 3.9425802429462000
 7.2462432779478, 3.9479229749127800
 7.1657551443009, 3.9533304601759400
 7.0834206500151, 3.9588066334896000
 6.9989749844128, 3.9643554291232200
 6.9121535031071, 3.9699807817701500
 6.8226915329799, 3.9756866256392500
 6.7303274567761, 3.9814768953229300
 6.6348754961006, 3.9873555251108400
 6.5362779325403, 3.9933264491512200
 6.4345373054880, 3.9993936020768900
 6.3296596311986, 4.0055609183389900
 6.2216508909730, 4.0118323318434900
 6.1105171326778, 4.0182117773039900
 5.9962643720632, 4.0247031889495200
 5.8788986194514, 4.0313105021599000
 5.7584258624920, 4.0380376498922200
 5.6348520874632, 4.0448885653458900
 5.5081833103715, 4.0518654481027800
 5.3784254756495, 4.0589633942313600
 5.2455845745694, 4.0661717207924000
 5.1096665680905, 4.0734788204282800
 4.9706773893418, 4.0808730853372700
 4.8286230138802, 4.0883429067687100
 4.6835093879705, 4.0958766774255700
 4.5353424236430, 4.1034627892638400
 4.3841280898369, 4.1110896344817700
 4.2298733416522, 4.1187456039855000
 4.0725872746816, 4.1264190925776500
 3.9122192215242, 4.1340984890041500
 3.7486412043418, 4.1417721882291600
 3.5817009999237, 4.1494285802704800
 3.4112461713849, 4.1570560591030100
 3.2371242418210, 4.1646430159357300
 3.0591828235764, 4.1721778424621400
 2.8772695425833, 4.1796489303354200
 2.6912320247372, 4.1870446729651200
 2.5009179860726, 4.1943534359402900
 2.3061751589667, 4.2015622591732800
 2.1068512639653, 4.2086555325355000
 1.9027941635915, 4.2156164803010200
 1.6938516685541, 4.2224282859216200
 1.4798716281025, 4.2290741323644800
 1.2607020060340, 4.2355372030409600
 1.0361907180091, 4.2418006803529800
 0.8061857978642, 4.2478477475907800
 0.5705352618528, 4.2536615880041900
 0.3290906795674, 4.2592253841970200
 0.0817339558742, 4.2645223188134500
 0.1715717374386, 4.2695355753052300
 0.4308227834454, 4.2742483364780300
 0.6960103326393, 4.2786437862681600
 0.9671255166569, 4.2827051051797300
 1.2441594411016, 4.2864154797332300
 1.5271032664572, 4.2897580891003400
 1.8159480575022, 4.2927161194381000
 2.1106849634895, 4.2952727516948300
 2.4113050528416, 4.2974114149024400
 2.7177994372529, 4.2991217676404400
 3.0301591990483, 4.3004020749386300
 3.3483754050404, 4.3012532924277100
 3.6724391472614, 4.3016765141144300
 4.0023414593556, 4.3016728290390400
 4.3380734108784, 4.3012433307641200
 4.6796260434744, 4.3003891106718700
 5.0269904158153, 4.2991112613557800
 5.3801575259484, 4.2974108731482300
 5.7391201184255, 4.2952890386427100
 6.1038375364349, 4.2927468507961600
 6.4741179264287, 4.2897853999409200
 6.8496860706794, 4.2864057790339100
 7.2302556654991, 4.2826090797803300
 7.6155404968157, 4.2783963929566900
 8.0052544349091, 4.2737688112372700
 8.3991114099627, 4.2687274271752100
 8.7968254567644, 4.2632733307394400
 9.1981106857331, 4.2574076156944400
 9.6026812433803, 4.2511314601547700
10.0102514732697, 4.2444464433519300
10.4205356547761, 4.2373519567461500
10.8332482795030, 4.2298458840759800
11.2481038419219, 4.2219260821477000
11.6648169909564, 4.2135904134609000
12.0831023903282, 4.2048367350641500
12.5026748263840, 4.1956629068324500
12.9232491415671, 4.1860667892465100
13.3445403925888, 4.1760462391529700
13.7662735166102, 4.1655991174767000
14.1881639766744, 4.1547232836081700
14.6098768671078, 4.1434165950804700
15.0310620792692, 4.1316769142317000
15.4513692149383, 4.1195020984334200
15.8704480140731, 4.1068900063493200
16.2879483570532, 4.0938384990657400
16.7035202643767, 4.0803454341561800
17.1168139247836, 4.0664086718994100
17.5274796653643, 4.0520260711206400
17.9351679176411, 4.0371957793491200
18.3395292729572, 4.0219179036678400
18.7402144706777, 4.0061960067254900
19.1368743331111, 3.9900347104926900
19.5291598435494, 3.9734386364555100
19.9167220247996, 3.9564124054539400
20.2992121298753, 3.9389606410737400
20.6762813591443, 3.9210879613688100
21.0475811346391, 3.9027989922668300
21.4127640035139, 3.8840983517005800
21.7715116398702, 3.8649906641037400
22.1236758989906, 3.8454805495087400
22.4692918336320, 3.8255726296035700
22.8084306955603, 3.8052715272471200
23.1411653618100, 3.7845818623911100
23.4675685550423, 3.7635082586212500
23.7877130325431, 3.7420553366564500
24.1016714661592, 3.7202277183461500
24.4095164812432, 3.6980300245303800
24.7113206150760, 3.6754668779065500
25.0071564058386, 3.6525427552049000
25.2970963264096, 3.6292631652222900
25.5812127611890, 3.6056390618356500
25.8595780870287, 3.5816825583413000
26.1322645876351, 3.5574057727194900
26.3993445221829, 3.5328208214564400
26.6608900903035, 3.5079398195443800
26.9169734751149, 3.4827748850442900
27.1676667170192, 3.4573381332714400
27.4130451349886, 3.4316416802678800
27.6532291821028, 3.4056976446195100
27.8883827655327, 3.3795181393804200
28.1186468307831, 3.3531152838229300
28.3441441823417, 3.3265011928585200
28.5649971941935, 3.2996879832560500
28.7813283072497, 3.2726877700077800
28.9932597993173, 3.2455126712150400
29.2009139725082, 3.2181748023950000
29.4044130847364, 3.1906862814875000
29.6038792718471, 3.1630592174684200
29.7994347132679, 3.1353048750460100
29.9912015337829, 3.1074339677661900
30.1793017670215, 3.0794587302617700
30.3638575092094, 3.0513915076807000
30.5449907406036, 3.0232446412945900
30.7228234051705, 2.9950304730615100
30.8974774916858, 2.9667613461912500
31.0690749015375, 2.9384496035301600
31.2377375381048, 2.9101075868748000
31.4035895793313, 2.8817476382639900
31.5667820599778, 2.8533821018765700
31.7275162350325, 2.8250233197513800
31.8860398585496, 2.7966836331600100
32.0426134298521, 2.7683753861198400
32.1974974275076, 2.7401109202255100
32.3509523018116, 2.7119025796558800
32.5032386179234, 2.6837627042289500
32.6546168303660, 2.6557036389715300
32.8053475601623, 2.6277377249937500
32.9556912975157, 2.5998772112626600
33.1059086704782, 2.5721321738332900
33.2562603046655, 2.5445047599371700
33.4070068530303, 2.5169904728568400
33.5584090451340, 2.4895844851371000
33.7107275826038, 2.4622819677075700
33.8642232890900, 2.4350780949300500
34.0191569764081, 2.4079680383398700
34.1757895264929, 2.3809469699568600
34.3343818461719, 2.3540100624469400
34.4951261662690, 2.3271524891220700
34.6579367376369, 2.3003694210734100
34.8226632668598, 2.2736560308053400
34.9892185047751, 2.2470074911856700
35.1575290644787, 2.2204189739919900
35.3275216131052, 2.1938856531822900
35.4991227758139, 2.1674026995247200
35.6722591048151, 2.1409652863716100
35.8468571976031, 2.1145685840873100
36.0228435566723, 2.0882077681238200
36.2001446873389, 2.0618777401690000
36.3786870963298, 2.0355697190964800
36.5583971658845, 2.0092717023269200
36.7392013552680, 1.9829714123862400
36.9210260351140, 1.9566565720829900
37.1037975476926, 1.9303149086269700
37.2874421963808, 1.9039341449882600
37.4718862984522, 1.8775020080939900
37.6570560946049, 1.8510062216814300
37.8428781562811, 1.8244345099723700
38.0293669190734, 1.7977746000958600
38.2167203126600, 1.7710142161929300
38.4051359354382, 1.7441410821623600
38.5948268205189, 1.7171429245678800
38.7860074152496, 1.6900074666622300
38.9788921186700, 1.6627224336766400
39.1736954158667, 1.6352755526190300
39.3706318481710, 1.6076545468228800
39.5699159990165, 1.5798471411964100
39.7717624624339, 1.5518410611727600
39.9763859055427, 1.5236238392984700
40.1840010719901, 1.4951810573284100
40.3948226975561, 1.4664960728251100
40.6090655580453, 1.4375518237812500
40.8269445177133, 1.4083312453227100
41.0486744503813, 1.3788172743116000
41.2744702917754, 1.3489928501538600
41.5045469583031, 1.3188409066025000
41.7391194833858, 1.2883443825789100
41.9784012155577, 1.2574862128051800
42.2225373616103, 1.2262493369900900
42.4715374331866, 1.1946166922279200
42.7252883910301, 1.1625712140483300
42.9835964346478, 1.1300958402471700
43.2462637455389, 1.0971735065408200
43.5130923791276, 1.0637871514216800
43.7838844376692, 1.0299197104294900
44.0584419011206, 0.9955541209967030
44.3365667012369, 0.9606733198138240
44.6180607483386, 0.9252602446312980
44.9027258936414, 0.8893035581560280
45.1903639006715, 0.8528149270157450
45.4807765361311, 0.8158124221577410
45.7737654836538, 0.7783143072039500
46.0691323842806, 0.7403388487087730
46.3666788738241, 0.7019043112127450
46.6662064661004, 0.6630289590040480
46.9675166793376, 0.6237310586471660
47.2704109478468, 0.5840288736630940
47.5746880930867, 0.5439406703488180
47.8801015058244, 0.5034847130732670
48.1862870740365, 0.4626792661801390
48.4928096949114, 0.4215425963601080
48.7992301917762, 0.3800929676086040
49.1051092605569, 0.3383486444106490
49.4100075778707, 0.2963278929269470
49.7134856791744, 0.2540489782229660
50.0151040616510, 0.2115301647534300
50.3144230833921, 0.1687897181894660
50.6110030303420, 0.1258458765431450
50.9044041385829, 0.0827095587642391
51.1941865175406, 0.0393755789704104
51.4799101752611, 0.0041617689028651
51.7611350866717, 0.0479079498168613
52.0374210851723, 0.0918684320085481
52.3083279326507, 0.1360486797376180
52.5734153580428, 0.1804541598984660
52.8322429352581, 0.2250903389867380
53.0843701576386, 0.2699626835586540
53.3293648809456, 0.3150766583281770
53.5668521829307, 0.3604377301089330
53.7964412332685, 0.4060513662495630
54.0177045164437, 0.4519230319536130
54.2302093341183, 0.4980581929545960
54.4335228364623, 0.5444623161014710
54.6272121140959, 0.5911408680513980
54.8108442248989, 0.6380993147044600
54.9839860301633, 0.6853431214963660
55.1462043650757, 0.7328777552659820
55.2970659464073, 0.7807085438149240
55.4361374578813, 0.8288352442532090
55.5629854644249, 0.8772485122947800
55.6771764003051, 0.9259367527055880
55.7782766302901, 0.9748883102193140
55.8658524234335, 1.0240915311898200
55.9394699809582, 1.0735347576605800
55.9986953678786, 1.1232063366163600
56.0430945864963, 1.1730946121246200
56.0722335415890, 1.2231879281164900
56.0856807366136, 1.2734746303856000
56.0831528351169, 1.3239430633981100
56.0649227766847, 1.3745815707268500
56.0314098456516, 1.4253784989073500
55.9830357375086, 1.4763221912651300
55.9202222659972, 1.5274009926802100
55.8433913162037, 1.5786032493651400
55.7529648536541, 1.6299173044838900
55.6493649537454, 1.6813315028307200
55.5330137400162, 1.7328341890131100
55.4043334680303, 1.7844134895256700
55.2637464424549, 1.8360540391890400
55.1116750562154, 1.8877344104218100
54.9485418249789, 1.9394305134275400
54.7747693055610, 1.9911182029251200
54.5907801528315, 2.0427733303173700
54.3969971285133, 2.0943717484809300
54.1938430654476, 2.1458893102368900
53.9817408765446, 2.1973018686385600
53.7611136452179, 2.2485852757045100
53.5323913336269, 2.2997153842710000
53.2958408341910, 2.3506680473812200
53.0513305870280, 2.4014191177906700
52.7986939503434, 2.4519444473008900
52.5377672036754, 2.5022198895153400
52.2683865626830, 2.5522212968109500
51.9903882748730, 2.6019245208681700
51.7036085475922, 2.6513054160878800
51.4078835741925, 2.7003398349277900
51.1030495370762, 2.7490036288563600
50.7889426371351, 2.7972733491516100
50.4653990231177, 2.8451304896145700
50.1322548456348, 2.8925571854791100
49.7893462595818, 2.9395347639256200
49.4365094114260, 2.9860445496008000
49.0735804319326, 3.0320678648901400
48.7003954426408, 3.0775860329513900
48.3167905690702, 3.1225803791529700
47.9226019456877, 3.1670322256986900
47.5176659089964, 3.2109228949639600
47.1018290364324, 3.2542337112421500
46.6750796458628, 3.2969459986499800
46.2376036405685, 3.3390410816574700
45.7896201100238, 3.3805002830690500
45.3313489607046, 3.4213049253055600
44.8630101491480, 3.4614363326048300
44.3848237917411, 3.5008758285082000
43.8970099939355, 3.5396047359614300
43.3997889998769, 3.5776043785916400
42.8933811387746, 3.6148560804953500
42.3780067823830, 3.6513413876826200
41.8538864134862, 3.6870483940829900
41.3212406023362, 3.7219882422001400
40.7802899586402, 3.7561777790224200
40.2312552203101, 3.7896338512707100
39.6743571847334, 3.8223733053377800
39.1098166994839, 3.8544129883684700
38.5378547465201, 3.8857697472653500
37.9586923554540, 3.9164604286079500
37.3725512430208, 3.9465018788748600
36.7796661717079, 3.9759109455743300
36.1803586937454, 4.0047044750940900
35.5750539225772, 4.0328993140439700
34.9642101301708, 4.0605123097404000
34.3482863629066, 4.0875603085004800
33.7277418517366, 4.1140601571661800
33.1030359089235, 4.1400287026451300
32.4746279645153, 4.1654827917238000
31.8429775724995, 4.1904392713198900
31.2085443963628, 4.2149149941302400
30.5717882090871, 4.2389274022673100
29.9331688828607, 4.2624877660569700
29.2931463999583, 4.2855905098966400
28.6521808559087, 4.3082276787523500
28.0107324274304, 4.3303913194374600
27.3692613972562, 4.3520734780536200
26.7282281558622, 4.3732662005814000
26.0880931623865, 4.3939615334656700
25.4493169615232, 4.4141515226718400
24.8123611474386, 4.4338282143217700
24.1776761258825, 4.4529836551480400
23.5455923460372, 4.4716098905204900
22.9164045576425, 4.4896989672675900
22.2904172296173, 4.5072429311175100
21.6679348972921, 4.5242338282426000
21.0492621716577, 4.5406637051634600
20.4347037040391, 4.5565246078959500
19.8245641363100, 4.5718085823953800
19.2191482029384, 4.5865076751773100
18.6187606696771, 4.6006139510536600
18.0237063076587, 4.6141201819089800
17.4342899269710, 4.6270252771787400
16.8508163573555, 4.6393353628455400
16.2735904808154, 4.6510570488801000
15.7029172118908, 4.6621969459850300
15.1391014617199, 4.6727616638787100
14.5824481699480, 4.6827578144246000
14.0332623209749, 4.6921920067758000
13.4918488805679, 4.7010708518771500
12.9585134635886, 4.7094009608249400
12.4335588747634, 4.7171889433678500
11.9171991033411, 4.7244414103901700
11.4093660892328, 4.7311649724228900
10.9099224936748, 4.7373662395629100
10.4187309562381, 4.7430518226592300
 9.9356540781553, 4.7482283324396600
 9.4605543989659, 4.7529023785620300
 8.9932944411030, 4.7570805722285900
 8.5337366793840, 4.7607695237533300
 8.0817435678257, 4.7639758935746500
 7.6371774901467, 4.7667071941159200
 7.1999008308042, 4.7689745997846200
 6.7697759205334, 4.7707917591670100
 6.3466650578766, 4.7721723850860500
 5.9304305164813, 4.7731301887596500
 5.5209345239766, 4.7736788834397500
 5.1180392978107, 4.7738321808389000
 4.7216069953497, 4.7736037927756400
 4.3314997486872, 4.7730074321385300
 3.9475773162881, 4.7720568106047600
 3.5696801419342, 4.7707656406742800
 3.1977087672186, 4.7691476343977600
 2.8317666621995, 4.7672165039723100
 2.4719861664832, 4.7649859615344200
 2.1184995785228, 4.7624697194729900
 1.7714391820381, 4.7596814896570100
 1.4309372642484, 4.7566349843188800
 1.0971260707161, 4.7533439164632700
 0.7701378469638, 4.7498219968184900
 0.4501048181562, 4.7460830144970300
 0.1371591728437, 4.7421405297629300
 0.1685668824703, 4.7380031527964100
 0.4669412016892, 4.7336771889854200
 0.7578316194240, 4.7291689332549000
 1.0411060120884, 4.7244846797626100
 1.3166322804171, 4.7196307230902500
 1.5842783346508, 4.7146133585211300
 1.8439120993858, 4.7094388795316200
 2.0954015444030, 4.7041135809860900
 2.3386141112575, 4.6986437575773200
 2.5734310800868, 4.6930357035942700
 2.7998162545879, 4.6872957137549500
 3.0178215904586, 4.6814300823029200
 3.2275049301344, 4.6754451038350200
 3.4289241510908, 4.6693470731147200
 3.6221371733570, 4.6631422844713600
 3.8072019410051, 4.6568370320727900
 3.9841764058086, 4.6504376115253100
 4.1531185565595, 4.6439503160832400
 4.3140864282549, 4.6373814916237400
 4.4671380529430, 4.6307374745502300
 4.6123314973243, 4.6240238339442400
 4.7497248416702, 4.6172459477924100
 4.8793762056011, 4.6104091929507800
 5.0013437251428, 4.6035189475322100
 5.1156855607199, 4.5965805894173500
 5.2224598792196, 4.5895994953562700
 5.3217248985726, 4.5825810435930100
 5.4135392136024, 4.5755306112158400
 5.4979682569808, 4.5684535765293800
 5.5750998691810, 4.5613553160515200
 5.6450719028907, 4.5542412081575500
 5.7080523925725, 4.5471166298751300
 5.7642101713220, 4.5399869590849400
 5.8137140511147, 4.5328575733547000
 5.8567329156033, 4.5257338496615900
 5.8934356174026, 4.5186211668250900
 5.9239910292225, 4.5115249011460400
 5.9485680593057, 4.5044504294653700
 5.9673356057580, 4.4974029414105000
 5.9804625870085, 4.4903866356523100
 5.9881179316582, 4.4834045060268500
 5.9904705717734, 4.4764594184470300
 5.9876894561448, 4.4695542385986200
 5.9799435303287, 4.4626918319200900
 5.9674017484323, 4.4558750632542800
 5.9502330803792, 4.4491067989684100
 5.9286065088082, 4.4423899038548300
 5.9026913538218, 4.4357272436447700
 5.8726606777451, 4.4291216840037900
 5.8386910354513, 4.4225760896789100
 5.8009011361485, 4.4160933270523900
 5.7593817463642, 4.4096762605431500
 5.7142234680566, 4.4033277566445400
 5.6655169262727, 4.3970506804719700
 5.6133527407084, 4.3908478971408900
 5.5578215579729, 4.3847222721705100
 5.4990139885484, 4.3786766715645900
 5.4370206714834, 4.3727139599287700
 5.3719322455205, 4.3668370657116900
 5.3038393422139, 4.3610484927802200
 5.2328326023100, 4.3553500952656600
 5.1590026611206, 4.3497436873097300
 5.0824401620778, 4.3442310846491200
 5.0032357410715, 4.3388141031870600
 4.9214800384634, 4.3334945566059600
 4.8372636816438, 4.3282742609756200
 4.7506773293030, 4.3231550311948800
 4.6618130445864, 4.3181386830357300
 4.5707700136234, 4.3132270307004700
 4.4776513467382, 4.3084218893302000
 4.3825515140651, 4.3037250743486500
 4.2855626661248, 4.2991384016691600
 4.1867769355524, 4.2946636854536500
 4.0862864561253, 4.2903027411510900
 3.9841833795593, 4.2860573839278100
 3.8805598079775, 4.2819294291621200
 3.7755078744863, 4.2779206913541400
 3.6691196786398, 4.2740329548262700
 3.5614873465386, 4.2702674933086200
 3.4527029681819, 4.2666245959544900
 3.3428586363720, 4.2631041015236400
 3.2320464326404, 4.2597058391910900
 3.1203584435490, 4.2564296380258500
 3.0078867391577, 4.2532753285757800
 2.8947233616645, 4.2502427387843700
 2.7809603893365, 4.2473316988007400
 2.6666898398446, 4.2445420383399700
 2.5520027902157, 4.2418735862994400
 2.4369835941820, 4.2393261721671100
 2.3216996372592, 4.2368996254763200
 2.2062030637072, 4.2345937752961300
 2.0905444966445, 4.2324084513112900
 1.9747745369810, 4.2303434824545400
 1.8589437640780, 4.2283986987942600
 1.7431027592284, 4.2265739297224900
 1.6273021137879, 4.2248690041770200
 1.5115923810507, 4.2232837512369600
 1.3960241293677, 4.2218179702630600
 1.2806479215095, 4.2204712321966500
 1.1655142818451, 4.2192425980832300
 1.0506737744891, 4.2181309454797000
 0.9361769114745, 4.2171351488641300
 0.8220742314950, 4.2162540861870900
 0.7084162407255, 4.2154866330774400
 0.5952534401873, 4.2148316663349700
 0.4826363308588, 4.2142880615178800
 0.3706155098803, 4.2138546955874900
 0.2592464630292, 4.2135304447379100
 0.1485932730471, 4.2133141851834800
 0.0387171381925, 4.2132047934514800
 0.0703285129542, 4.2132011458369500
 0.1784907132403, 4.2133021186652700
 0.2857165069522, 4.2135065879690800
 0.3919529252554, 4.2138134305582700
 0.4971470715742, 4.2142215223947900
 0.6012459920280, 4.2147297402683600
 0.7041967903519, 4.2153369597170100
 0.8059465468795, 4.2160419380715000
 0.9064423902940, 4.2168428983481800
 1.0056314355141, 4.2177377307864600
 1.1034608204100, 4.2187242698836500
 1.1998776742518, 4.2198003498443700
 1.2948291727138, 4.2209638048832700
 1.3882624752352, 4.2222124700125000
 1.4801247620042, 4.2235441781344500
 1.5703632325140, 4.2249567646751600
 1.6589251123258, 4.2264480635363700
 1.7457580698873, 4.2280159097302300
 1.8308211253955, 4.2296581367648000
 1.9140895140832, 4.2313725787739900
 1.9955440495265, 4.2331570709213800
 2.0751656544272, 4.2350094473207200
 2.1529352728477, 4.2369275418636400
 2.2288338315138, 4.2389091887950900
 2.3028422988325, 4.2409522233392500
 2.3749416191221, 4.2430544788325400
 2.4451127616109, 4.2452137902972100
 2.5133367088851, 4.2474280699888900
 2.5795944194066, 4.2496955946268900
 2.6438668981872, 4.2520150448638300
 2.7061351432309, 4.2543851519462400
 2.7663801478475, 4.2568046440821700
 2.8245829372859, 4.2592722505699100
 2.8807245198495, 4.2617867017070800
 2.9347859103569, 4.2643467264891100
 2.9867481725501, 4.2669510540426600
 3.0365908280461, 4.2695984144735600
 3.0842815723176, 4.2722875369892500
 3.1297865015846, 4.2750171505750500
 3.1730783605709, 4.2777859858314400
 3.2141320956734, 4.2805927710674200
 3.2529227430684, 4.2834362362575800
 3.2894252514247, 4.2863151105689800
 3.3236146588282, 4.2892281237743300
 3.3554659681994, 4.2921740053536000
 3.3849542165856, 4.2951514844637400
 3.4120544220352, 4.2981592820649100
 3.4367416462503, 4.3011957136697700
 3.4589909283666, 4.3042584468622800
 3.4787773358073, 4.3073449596709900
 3.4960759407472, 4.3104527202822700
 3.5108618277573, 4.3135791941165700
 3.5231100886205, 4.3167218482801100
 3.5327958204000, 4.3198781480924400
 3.5398941381947, 4.3230455617298000
 3.5443801595797, 4.3262215541281200
 3.5462273014371, 4.3294035928882700
 3.5454042565125, 4.3325891436225000
 3.5418899007569, 4.3357756734168700
 3.5356685903923, 4.3389606481965400
 3.5267253965496, 4.3421415350879800
 3.5150454006839, 4.3453158000062600
 3.5006136755615, 4.3484809099364800
 3.4834152942308, 4.3516343307937500
 3.4634353806551, 4.3547735288868300
 3.4406590154850, 4.3578959712816000
 3.4150713196603, 4.3609991252558900
 3.3866573952187, 4.3640804631853000
 3.3554023803310, 4.3671378804675900
 3.3212914290797, 4.3701696240935900
 3.2843096552624, 4.3731739504824700
 3.2444422238220, 4.3761491148723200
 3.2016743009165, 4.3790933735510800
 3.1559910449052, 4.3820049822413600
 3.1073776368796, 4.3848821968879000
 3.0558192154586, 4.3877232730316200
 3.0012850410740, 4.3905264672128300
 2.9437025199162, 4.3932900356285900
 2.8829862933375, 4.3960122324469700
 2.8190458058549, 4.3986913150865200
 2.7517899260651, 4.4013255392900300
 2.6811275786802, 4.4039131603864700
 2.6069677159944, 4.4064524349464000
 2.5292192751927, 4.4089416186319000
 2.4477912754660, 4.4113789663176600
 2.3625927516072, 4.4137627358158900
 2.2735327432197, 4.4160910570206700
 2.1805203342234, 4.4183610515523500
 2.0834646502207, 4.4205694749827300
 1.9822748127232, 4.4227131197792200
 1.8768600126338, 4.4247887760773900
 1.7671294474299, 4.4267932376064400
 1.6529923484857, 4.4287232935934200
 1.5343579712240, 4.4305757375757400
 1.4111356123364, 4.4323473605974900
 1.2832350705454, 4.4340349545203800
 1.1505900033186, 4.4356353102673500
 1.0131781102951, 4.4371452208307000
 0.8709944475041, 4.4385614765781800
 0.7240369109265, 4.4398808697449900
 0.5723034848280, 4.4411001919405100
 0.4157922304159, 4.4422162350365600
 0.2545011814161, 4.4432257904103200
 0.0884283989616, 4.4441256498528500
 0.0824280778553, 4.4449126049937100
 0.2580701575704, 4.4455834476845200
 0.4384998023896, 4.4461348270601900
 0.6237188938549, 4.4465628818046200
 0.8137293673412, 4.4468640554368500
 1.0085331060783, 4.4470349108035900
 1.2081320221441, 4.4470720134871800
 1.4125279918145, 4.4469719289791000
 1.6217229067567, 4.4467312214080500
 1.8357186237432, 4.4463464550642900
 2.0545170024618, 4.4458141956815400
 2.2781176787388, 4.4451310072674100
 2.5064798450246, 4.4442934549701400
 2.7395273963383, 4.4432981028175300
 2.9771877390290, 4.4421415156448900
 3.2193924913634, 4.4408202595594800
 3.4660734314555, 4.4393308976805700
 3.7171622989279, 4.4376699956308500
 3.9725908717007, 4.4358341182254700
 4.2322909705283, 4.4338198293004400
 4.4961943792005, 4.4316236948620100
 4.7642329168240, 4.4292422748194100
 5.0363384429063, 4.4266708153975100
 5.3124428194050, 4.4239011734353000
 5.5924778628976, 4.4209245114182800
 5.8763755094492, 4.4177319632744600
 6.1640676500111, 4.4143146635778900
 6.4554861800485, 4.4106637462263300
 6.7505630647443, 4.4067703461875200
 7.0492302415786, 4.4026255958551000
 7.3514196612900, 4.3982206307722200
 7.6570621176409, 4.3935465855432200
 7.9660758292923, 4.3885945937731100
 8.2783498277561, 4.3833557894403500
 8.5937625403678, 4.3778213073411100
 8.9121928248932, 4.3719822811106400
 9.2335195299111, 4.3658298453936900
 9.5576215980275, 4.3593551345725100
 9.8843779372668, 4.3525492825448600
10.2136675709501, 4.3454034232992900
10.5453695082882, 4.3379086914300700
10.8793627962905, 4.3300562602844400
11.2155265317199, 4.3218392703745900
11.5537398572044, 4.3132541057728000
11.8938819161511, 4.3042979402074400
12.2358319346852, 4.2949679925800300
12.5794691539796, 4.2852614786021400
12.9246728508449, 4.2751756169330500
13.2713223468309, 4.2647076249802300
13.6192970015658, 4.2538547199694700
13.9684762189504, 4.2426141195000700
14.3187394149425, 4.2309830416155000
14.6699638065040, 4.2189587019163300
15.0220135549460, 4.2065383200510600
15.3747543851073, 4.1937191120240200
15.7280535072388, 4.1804982963531300
16.0817782113297, 4.1668730897190700
16.4357958486780, 4.1528407099129400
16.7899737634584, 4.1383983738779000
17.1441793729005, 4.1235432997381400
17.4982801590823, 4.1082727051333500
17.8521436045143, 4.0925839924233400
18.2056372852937, 4.0764779210916300
18.5586287728532, 4.0599581879434800
18.9109857279979, 4.0430286234763700
19.2625758604015, 4.0256930612867400
19.6132668933958, 4.0079553322556600
19.9629266236949, 3.9898192704338900
20.3114228871279, 3.9712887089131400
20.6586235440430, 3.9523674778577800
21.0043965398180, 3.9330594119343200
21.3486003794223, 3.9133683437095600
21.6910384579471, 3.8932981046500700
22.0314302041446, 3.8728525269491800
22.3694806878004, 3.8520354458386900
22.7048947311312, 3.8308506911901900
23.0373772977675, 3.8093020962872200
23.3666334276540, 3.7873934949786500
23.6923682622225, 3.7651287179436500
24.0142870420271, 3.7425115986474300
24.3320951498983, 3.7195459700909200
24.6454980603513, 3.6962357658268200
24.9542013329545, 3.6725858383953100
25.2579106430987, 3.6486024604477000
25.5563317946138, 3.6242924228389600
25.8491706700357, 3.5996625204012600
26.1361332756654, 3.5747195492892100
26.4169257288362, 3.5494703043552000
26.6912542429394, 3.5239215817740200
26.9588251319055, 3.4980801754188700
27.2193452846978, 3.4719528808487800
27.4725466448244, 3.4455464943293600
27.7182441931482, 3.4188678101073300
27.9563287399270, 3.3919236237720000
28.1867032577916, 3.3647207313366300
28.4092713171066, 3.3372659269369000
28.6239364605007, 3.3095660060005800
28.8306023252283, 3.2816277644400000
29.0291726008183, 3.2534579971681200
29.2195509718955, 3.2250634995824300
29.4016411873965, 3.1964510665050400
29.5753470569376, 3.1676274952615200
29.7405723708930, 3.1385996267051000
29.8972210385870, 3.1093748811968600
30.0451969375219, 3.0799608573474100
30.1844040441684, 3.0503651531112100
30.3147463285653, 3.0205953662509100
30.4361278345533, 2.9906590930654700
30.5484526071011, 2.9605639328418400
30.6516247725128, 2.9303174827269000
30.7455505958686, 2.8999273397060400
30.8301803033844, 2.8694011028340300
30.9055794201161, 2.8387463683492400
30.9718845246736, 2.8079707356294800
31.0292349265317, 2.7770818012967300
31.0777699446157, 2.7460871630833400
31.1176287832782, 2.7149944185198400
31.1489506768510, 2.6838111654698100
31.1718747860230, 2.6525450016959100
31.1865401708907, 2.6212035259197900
31.1930859318038, 2.5897943359445200
31.1916510762796, 2.5583258147674400
31.1823745630987, 2.5268096324736900
31.1653952911730, 2.4952610795984700
31.1408521798135, 2.4636959583494600
31.1088840102748, 2.4321300717015300
31.0696295582931, 2.4005792201866500
31.0232275816490, 2.3690592060326700
30.9698167174298, 2.3375858328403300
30.9095356041080, 2.3061749021712500
30.8425209038678, 2.2748422156879900
30.7688931035132, 2.2436035753256800
30.6887829438121, 2.2124747837967100
30.6023425163663, 2.1814716434299000
30.5097300657713, 2.1506099555849900
30.4111038328960, 2.1199055228330300
30.3066220231460, 2.0893741474019100
30.1964427439613, 2.0590316309743800
30.0807240907175, 2.0288937757379200
29.9596240349958, 1.9989763845967200
29.8333005348019, 1.9692952220755300
29.7019115061277, 1.9398640076445200
29.5656147516944, 1.9106915009084900
29.4245680415556, 1.8817833775070000
29.2789291180562, 1.8531450904746000
29.1288555876351, 1.8247820915941500
28.9745050506390, 1.7966998352629900
28.8160350506668, 1.7689037743945300
28.6536030412156, 1.7413993597419800
28.4873664350848, 1.7141920457430700
28.3174811982846, 1.6872872852506700
28.1440954569240, 1.6606905299163700
27.9673540839890, 1.6344072339457200
27.7874082276842, 1.6084428490307200
27.6044111174098, 1.5828028292355800
27.4185158797684, 1.5574926262018200
27.2298756013955, 1.5325176935898800
27.0386432774298, 1.5078834832936400
26.8449718938889, 1.4835954495388300
26.6490143288997, 1.4596590441789500
26.4509233984663, 1.4360795428470000
26.2508519159737, 1.4128587304104900
26.0489525494344, 1.3899921013899300
25.8453779759090, 1.3674721391020600
25.6402807718715, 1.3452912283206400
25.4338134683830, 1.3234417523557600
25.2261285258629, 1.3019160975962700
25.0173783504272, 1.2807066472614100
24.8077153041184, 1.2598057859230600
24.5972916531754, 1.2392058997581000
24.3862442591444, 1.2188993721674700
24.1746868118104, 1.1988785882883400
23.9627886083452, 1.1791359322686000
23.7507655656260, 1.1596637900126200
23.5388396263298, 1.1404545447396100
23.3272326662210, 1.1215005818290000
23.1161664380511, 1.1027942864785400
22.9058626321172, 1.0843280418670500
22.6965429289756, 1.0660942340200300
22.4884288443714, 1.0480852474891800
22.2817418664612, 1.0302936278745900
22.0767033931903, 1.0127133743913200
21.8735347743164, 0.9953385501327300
21.6724572828974, 0.9781628474396090
21.4736921083006, 0.9611799563108080
21.2774603851198, 0.9443835661798800
21.0839831858592, 0.9277673658949230
20.8934815105960, 0.9113250463026940
20.7061763043000, 0.8950502956456270
